Country Name,Sex,Year,HCI
Albania,Female,2010,0.56527054309845
United Arab Emirates,Female,2010,0.652521669864655
Argentina,Female,2010,0.612291395664215
Australia,Female,2010,0.771355628967285
Austria,Female,2010,0.753172814846039
Azerbaijan,Female,2010,0.508597791194916
Burundi,Female,2010,0.346108317375183
Belgium,Female,2010,0.766443014144897
Benin,Female,2010,0.359660625457764
Burkina Faso,Female,2010,0.3183673620224
Bulgaria,Female,2010,0.664259910583496
Bahrain,Female,2010,0.633520901203156
Botswana,Female,2010,0.391985714435577
Canada,Female,2010,0.786082327365875
Switzerland,Female,2010,0.77719110250473
Chile,Female,2010,0.643253922462463
Cote d'Ivoire,Female,2010,0.301761269569397
Cameroon,Female,2010,0.37613445520401
"Congo, Rep.",Female,2010,0.410499393939972
Colombia,Female,2010,0.586350321769714
Costa Rica,Female,2010,0.611684679985046
Cyprus,Female,2010,0.710333049297333
Czechia,Female,2010,0.75625079870224
Germany,Female,2010,0.778073608875275
Denmark,Female,2010,0.760598301887512
Algeria,Female,2010,0.542771279811859
Ecuador,Female,2010,0.540452778339386
"Egypt, Arab Rep.",Female,2010,0.491502493619919
Spain,Female,2010,0.726949751377106
Estonia,Female,2010,0.772064089775085
Finland,Female,2010,0.852964043617249
France,Female,2010,0.777521073818207
United Kingdom,Female,2010,0.774502336978912
Georgia,Female,2010,0.59477162361145
"Gambia, The",Female,2010,0.378642022609711
Greece,Female,2010,0.737544357776642
Guatemala,Female,2010,0.448515921831131
"Hong Kong SAR, China",Female,2010,0.800767660140991
Croatia,Female,2010,0.735488772392273
Hungary,Female,2010,0.725106477737427
Indonesia,Female,2010,0.510594189167023
Ireland,Female,2010,0.790237247943878
"Iran, Islamic Rep.",Female,2010,0.577054619789124
Iceland,Female,2010,0.772066056728363
Israel,Female,2010,0.7412348985672
Italy,Female,2010,0.767416477203369
Jordan,Female,2010,0.585698187351227
Kazakhstan,Female,2010,0.628996968269348
"Korea, Rep.",Female,2010,0.850352644920349
Kuwait,Female,2010,0.604347944259644
Lesotho,Female,2010,0.360403001308441
Lithuania,Female,2010,0.752927780151367
Luxembourg,Female,2010,0.718162536621094
Latvia,Female,2010,0.728277862071991
"Macao SAR, China",Female,2010,0.67076313495636
Morocco,Female,2010,0.473682910203934
Moldova,Female,2010,0.581561088562012
Madagascar,Female,2010,0.396376132965088
Mexico,Female,2010,0.604089438915253
North Macedonia,Female,2010,0.548776090145111
Malta,Female,2010,0.713866949081421
Montenegro,Female,2010,0.60563451051712
Mauritius,Female,2010,0.621907472610474
Malawi,Female,2010,0.376364469528198
Malaysia,Female,2010,0.607167363166809
Namibia,Female,2010,0.405374109745026
Netherlands,Female,2010,0.80491441488266
Norway,Female,2010,0.789397835731506
New Zealand,Female,2010,0.801813781261444
Oman,Female,2010,0.5806525349617
Panama,Female,2010,0.534742176532745
Peru,Female,2010,0.559419393539429
Portugal,Female,2010,0.764939963817596
Paraguay,Female,2010,0.521709263324738
Qatar,Female,2010,0.610203802585602
Romania,Female,2010,0.633587181568146
Saudi Arabia,Female,2010,0.561245560646057
Senegal,Female,2010,0.397871762514114
Singapore,Female,2010,0.862445950508118
Serbia,Female,2010,0.668373823165894
Slovak Republic,Female,2010,0.713130354881287
Slovenia,Female,2010,0.78823983669281
Sweden,Female,2010,0.780195534229279
Eswatini,Female,2010,0.323909968137741
Seychelles,Female,2010,0.585028409957886
Chad,Female,2010,0.278250098228455
Togo,Female,2010,0.366503447294235
Thailand,Female,2010,0.613158941268921
Timor-Leste,Female,2010,0.420094490051269
Trinidad and Tobago,Female,2010,0.58830726146698
Tunisia,Female,2010,0.545452237129211
Turkiye,Female,2010,0.633837819099426
Ukraine,Female,2010,0.677334010601044
Uruguay,Female,2010,0.619414985179901
United States,Female,2010,0.704651892185211
Vietnam,Female,2010,0.680296421051025
South Africa,Female,2010,0.4383764564991
Zimbabwe,Female,2010,0.414920300245285
Afghanistan,Female,2017,0.363
Angola,Female,2017,0.358
Albania,Female,2017,0.637
Argentina,Female,2017,0.632
Armenia,Female,2017,0.593
Australia,Female,2017,0.805
Austria,Female,2017,0.798
Burundi,Female,2017,0.387
Belgium,Female,2017,0.766
Benin,Female,2017,0.403
Burkina Faso,Female,2017,0.36
Bangladesh,Female,2017,0.492
Bulgaria,Female,2017,0.707
Bahrain,Female,2017,0.699
Bosnia and Herzegovina,Female,2017,0.627
Botswana,Female,2017,0.446
Canada,Female,2017,0.808
Switzerland,Female,2017,0.774
Chile,Female,2017,0.682
China,Female,2017,0.674
Cote d'Ivoire,Female,2017,0.323
Cameroon,Female,2017,0.393
"Congo, Dem. Rep.",Female,2017,0.37
"Congo, Rep.",Female,2017,0.411
Colombia,Female,2017,0.609
Comoros,Female,2017,0.41
Costa Rica,Female,2017,0.621
Cyprus,Female,2017,0.759
Czechia,Female,2017,0.8
Germany,Female,2017,0.802
Denmark,Female,2017,0.789
Dominican Republic,Female,2017,0.51
Algeria,Female,2017,0.545
Ecuador,Female,2017,0.619
"Egypt, Arab Rep.",Female,2017,0.505
Spain,Female,2017,0.757
Estonia,Female,2017,0.783
Ethiopia,Female,2017,0.386
Finland,Female,2017,0.848
Gabon,Female,2017,0.468
United Kingdom,Female,2017,0.789
Georgia,Female,2017,0.643
Ghana,Female,2017,0.446
Guinea,Female,2017,0.352
"Gambia, The",Female,2017,0.41
Greece,Female,2017,0.694
Guatemala,Female,2017,0.469
Guyana,Female,2017,0.521
"Hong Kong SAR, China",Female,2017,0.833
Honduras,Female,2017,0.502
Croatia,Female,2017,0.747
Haiti,Female,2017,0.463
Hungary,Female,2017,0.729
Indonesia,Female,2017,0.55
India,Female,2017,0.451
"Iran, Islamic Rep.",Female,2017,0.602
Iraq,Female,2017,0.412
Iceland,Female,2017,0.758
Italy,Female,2017,0.774
Jamaica,Female,2017,0.558
Jordan,Female,2017,0.589
Kazakhstan,Female,2017,0.78
Kyrgyz Republic,Female,2017,0.603
"Korea, Rep.",Female,2017,0.852
Kuwait,Female,2017,0.599
Lao PDR,Female,2017,0.462
Lebanon,Female,2017,0.537
Liberia,Female,2017,0.325
Lithuania,Female,2017,0.761
Luxembourg,Female,2017,0.707
Latvia,Female,2017,0.773
"Macao SAR, China",Female,2017,0.787
Morocco,Female,2017,0.511
Moldova,Female,2017,0.603
Madagascar,Female,2017,0.391
Mexico,Female,2017,0.62
North Macedonia,Female,2017,0.548
Mali,Female,2017,0.315
Malta,Female,2017,0.731
Myanmar,Female,2017,0.49
Mauritania,Female,2017,0.357
Malaysia,Female,2017,0.645
Niger,Female,2017,0.312
Nigeria,Female,2017,0.338
Nicaragua,Female,2017,0.55
Netherlands,Female,2017,0.813
Norway,Female,2017,0.788
New Zealand,Female,2017,0.785
Oman,Female,2017,0.657
Pakistan,Female,2017,0.384
Panama,Female,2017,0.544
Peru,Female,2017,0.589
Philippines,Female,2017,0.579
Papua New Guinea,Female,2017,0.393
Poland,Female,2017,0.781
Portugal,Female,2017,0.785
Paraguay,Female,2017,0.535
West Bank and Gaza,Female,2017,0.576
Qatar,Female,2017,0.654
Romania,Female,2017,0.628
Russian Federation,Female,2017,0.783
Rwanda,Female,2017,0.388
Saudi Arabia,Female,2017,0.612
Senegal,Female,2017,0.428
Singapore,Female,2017,0.899
Solomon Islands,Female,2017,0.451
Sierra Leone,Female,2017,0.351
El Salvador,Female,2017,0.512
Serbia,Female,2017,0.771
Slovak Republic,Female,2017,0.718
Slovenia,Female,2017,0.811
Sweden,Female,2017,0.815
Chad,Female,2017,0.289
Togo,Female,2017,0.408
Thailand,Female,2017,0.614
Tajikistan,Female,2017,0.529
Timor-Leste,Female,2017,0.472
Tonga,Female,2017,0.523
Tunisia,Female,2017,0.53
Turkiye,Female,2017,0.63
Tanzania,Female,2017,0.41
Ukraine,Female,2017,0.686
United States,Female,2017,0.757
Vanuatu,Female,2017,0.489
Kosovo,Female,2017,0.575
"Yemen, Rep.",Female,2017,0.363
South Africa,Female,2017,0.408
Afghanistan,Female,2018,0.363862872123718
Angola,Female,2018,0.353776037693024
Albania,Female,2018,0.662464320659637
United Arab Emirates,Female,2018,0.687744379043579
Argentina,Female,2018,0.627702116966248
Armenia,Female,2018,0.606254577636719
Antigua and Barbuda,Female,2018,0.597584545612335
Australia,Female,2018,0.79529595375061
Austria,Female,2018,0.779697299003601
Azerbaijan,Female,2018,0.645950555801392
Burundi,Female,2018,0.406873166561127
Belgium,Female,2018,0.771660506725311
Benin,Female,2018,0.397853910923004
Burkina Faso,Female,2018,0.381130397319794
Bangladesh,Female,2018,0.47152790427208
Bulgaria,Female,2018,0.688391983509064
Bahrain,Female,2018,0.693866312503815
Bosnia and Herzegovina,Female,2018,0.62741082906723
Botswana,Female,2018,0.438422560691834
Canada,Female,2018,0.810381829738617
Switzerland,Female,2018,0.771320283412933
Chile,Female,2018,0.677564680576324
China,Female,2018,0.65461403131485
Cote d'Ivoire,Female,2018,0.366944164037705
Cameroon,Female,2018,0.393087118864059
"Congo, Dem. Rep.",Female,2018,0.366041839122772
"Congo, Rep.",Female,2018,0.426426708698273
Colombia,Female,2018,0.612245380878448
Comoros,Female,2018,0.40705806016922
Costa Rica,Female,2018,0.616934180259705
Cyprus,Female,2018,0.762143433094025
Czechia,Female,2018,0.781824350357056
Germany,Female,2018,0.776928842067719
Dominica,Female,2018,0.580771148204803
Denmark,Female,2018,0.785993933677673
Dominican Republic,Female,2018,0.526039242744446
Algeria,Female,2018,0.552215874195099
Ecuador,Female,2018,0.61447948217392
"Egypt, Arab Rep.",Female,2018,0.511706471443176
Spain,Female,2018,0.750937700271606
Estonia,Female,2018,0.80621862411499
Ethiopia,Female,2018,0.385545402765274
Finland,Female,2018,0.844707667827606
France,Female,2018,0.773170411586761
"Micronesia, Fed. Sts.",Female,2018,0.481462091207504
Gabon,Female,2018,0.471648037433624
United Kingdom,Female,2018,0.786778211593628
Georgia,Female,2018,0.656573116779327
Ghana,Female,2018,0.450379937887192
Guinea,Female,2018,0.354431331157684
"Gambia, The",Female,2018,0.416072845458984
Greece,Female,2018,0.716802716255188
Grenada,Female,2018,0.578019738197327
Guatemala,Female,2018,0.465891808271408
Guyana,Female,2018,0.515205979347229
"Hong Kong SAR, China",Female,2018,0.849131226539612
Honduras,Female,2018,0.492135971784592
Croatia,Female,2018,0.752575933933258
Haiti,Female,2018,0.457954049110413
Hungary,Female,2018,0.729179322719574
Indonesia,Female,2018,0.552363872528076
India,Female,2018,0.491595357656479
Ireland,Female,2018,0.821852087974548
"Iran, Islamic Rep.",Female,2018,0.611038029193878
Iraq,Female,2018,0.412621885538101
Iceland,Female,2018,0.763281285762787
Israel,Female,2018,0.780889511108398
Italy,Female,2018,0.759639143943787
Jamaica,Female,2018,0.568536877632141
Jordan,Female,2018,0.575492382049561
Kazakhstan,Female,2018,0.807867705821991
Kyrgyz Republic,Female,2018,0.614835500717163
Kiribati,Female,2018,0.509249091148376
St. Kitts and Nevis,Female,2018,0.587617099285126
"Korea, Rep.",Female,2018,0.85276734828949
Kuwait,Female,2018,0.592418909072876
Lao PDR,Female,2018,0.465173482894898
Liberia,Female,2018,0.322331607341766
St. Lucia,Female,2018,0.616230547428131
Lithuania,Female,2018,0.777683079242706
Luxembourg,Female,2018,0.702260851860046
Latvia,Female,2018,0.790420711040497
"Macao SAR, China",Female,2018,0.788205683231354
Morocco,Female,2018,0.505192995071411
Moldova,Female,2018,0.605798840522766
Madagascar,Female,2018,0.396541982889175
Mexico,Female,2018,0.627252817153931
Marshall Islands,Female,2018,0.421741932630539
North Macedonia,Female,2018,0.549441337585449
Mali,Female,2018,0.32084733247757
Malta,Female,2018,0.729845523834229
Myanmar,Female,2018,0.487348854541779
Montenegro,Female,2018,0.638743340969086
Mongolia,Female,2018,0.639347791671753
Mauritania,Female,2018,0.380737364292145
Malaysia,Female,2018,0.65517657995224
Niger,Female,2018,0.31536591053009
Nigeria,Female,2018,0.359684616327286
Nicaragua,Female,2018,0.526444435119629
Netherlands,Female,2018,0.815429925918579
Norway,Female,2018,0.783224105834961
New Zealand,Female,2018,0.788566470146179
Oman,Female,2018,0.651619374752045
Pakistan,Female,2018,0.396372228860855
Panama,Female,2018,0.528074860572815
Peru,Female,2018,0.597689688205719
Philippines,Female,2018,0.578967392444611
Palau,Female,2018,0.594668805599213
Papua New Guinea,Female,2018,0.423925995826721
Poland,Female,2018,0.791624844074249
Portugal,Female,2018,0.792505025863647
Paraguay,Female,2018,0.530404150485992
West Bank and Gaza,Female,2018,0.599004745483398
Qatar,Female,2018,0.658281087875366
Romania,Female,2018,0.621309876441956
Russian Federation,Female,2018,0.776615738868713
Rwanda,Female,2018,0.390757828950882
Saudi Arabia,Female,2018,0.611184060573578
Sudan,Female,2018,0.384015113115311
Senegal,Female,2018,0.437756150960922
Singapore,Female,2018,0.900132894515991
Solomon Islands,Female,2018,0.445292115211487
Sierra Leone,Female,2018,0.35982084274292
El Salvador,Female,2018,0.564187049865723
Serbia,Female,2018,0.774211764335632
Slovak Republic,Female,2018,0.703628182411194
Slovenia,Female,2018,0.813600242137909
Sweden,Female,2018,0.815964818000793
Chad,Female,2018,0.290844678878784
Togo,Female,2018,0.422161847352982
Thailand,Female,2018,0.636277079582214
Tajikistan,Female,2018,0.540631592273712
Timor-Leste,Female,2018,0.47151705622673
Tonga,Female,2018,0.545847237110138
Tunisia,Female,2018,0.531710803508759
Turkiye,Female,2018,0.634325802326202
Tuvalu,Female,2018,0.459190458059311
Tanzania,Female,2018,0.397493064403534
Ukraine,Female,2018,0.681944489479065
Uruguay,Female,2018,0.626533150672913
United States,Female,2018,0.730934500694275
St. Vincent and the Grenadines,Female,2018,0.56624311208725
Vietnam,Female,2018,0.725250840187073
Vanuatu,Female,2018,0.458578884601593
Samoa,Female,2018,0.544876158237457
Kosovo,Female,2018,0.588823199272156
"Yemen, Rep.",Female,2018,0.366921722888946
South Africa,Female,2018,0.443053871393204
Afghanistan,Female,2020,0.368523985147476
Angola,Female,2020,0.355706423521042
Albania,Female,2020,0.664508581161499
United Arab Emirates,Female,2020,0.687648952007294
Argentina,Female,2020,0.613279402256012
Armenia,Female,2020,0.603098571300507
Antigua and Barbuda,Female,2020,0.625670254230499
Australia,Female,2020,0.783872067928314
Austria,Female,2020,0.761190295219421
Azerbaijan,Female,2020,0.587314665317535
Burundi,Female,2020,0.403796821832657
Belgium,Female,2020,0.77233612537384
Benin,Female,2020,0.401228040456772
Burkina Faso,Female,2020,0.387948900461197
Bangladesh,Female,2020,0.477598071098328
Bulgaria,Female,2020,0.632297277450562
Bahrain,Female,2020,0.685615479946136
Bosnia and Herzegovina,Female,2020,0.591636478900909
Belarus,Female,2020,0.734237015247345
Brunei Darussalam,Female,2020,0.644950985908508
Bhutan,Female,2020,0.474738478660584
Botswana,Female,2020,0.4402756690979
Canada,Female,2020,0.81040757894516
Switzerland,Female,2020,0.764990091323853
Chile,Female,2020,0.665782749652863
China,Female,2020,0.659177899360657
Cote d'Ivoire,Female,2020,0.377775400876999
Cameroon,Female,2020,0.39703580737114
"Congo, Dem. Rep.",Female,2020,0.367898046970367
"Congo, Rep.",Female,2020,0.427964061498642
Colombia,Female,2020,0.61432945728302
Comoros,Female,2020,0.413343548774719
Costa Rica,Female,2020,0.642893075942993
Cyprus,Female,2020,0.762677609920502
Czechia,Female,2020,0.774382770061493
Germany,Female,2020,0.767585933208466
Dominica,Female,2020,0.576948285102844
Denmark,Female,2020,0.773608803749084
Dominican Republic,Female,2020,0.523185312747955
Algeria,Female,2020,0.556641519069672
Ecuador,Female,2020,0.612971484661102
"Egypt, Arab Rep.",Female,2020,0.514056205749512
Spain,Female,2020,0.740165054798126
Estonia,Female,2020,0.810546338558197
Ethiopia,Female,2020,0.384157001972198
Finland,Female,2020,0.830132901668549
Fiji,Female,2020,0.532201945781708
France,Female,2020,0.780937075614929
"Micronesia, Fed. Sts.",Female,2020,0.526513814926147
Gabon,Female,2020,0.472926050424576
United Kingdom,Female,2020,0.79137521982193
Georgia,Female,2020,0.612048208713531
Ghana,Female,2020,0.457844108343124
Guinea,Female,2020,0.35746556520462
"Gambia, The",Female,2020,0.435574263334274
Greece,Female,2020,0.71257758140564
Grenada,Female,2020,0.596690475940704
Guatemala,Female,2020,0.470941007137299
Guyana,Female,2020,0.516098380088806
"Hong Kong SAR, China",Female,2020,0.84778493642807
Honduras,Female,2020,0.492796123027802
Croatia,Female,2020,0.738965690135956
Haiti,Female,2020,0.459646105766296
Hungary,Female,2020,0.706308364868164
Indonesia,Female,2020,0.556612551212311
India,Female,2020,0.500491142272949
Ireland,Female,2020,0.804584622383118
"Iran, Islamic Rep.",Female,2020,0.612076938152313
Iraq,Female,2020,0.42350509762764
Iceland,Female,2020,0.768019616603851
Israel,Female,2020,0.763505160808563
Italy,Female,2020,0.73801600933075
Jamaica,Female,2020,0.562048852443695
Jordan,Female,2020,0.580353617668152
Kazakhstan,Female,2020,0.652432024478912
Kyrgyz Republic,Female,2020,0.616739988327026
Kiribati,Female,2020,0.536563277244568
St. Kitts and Nevis,Female,2020,0.599641740322113
"Korea, Rep.",Female,2020,0.814612150192261
Kuwait,Female,2020,0.596433877944946
Lao PDR,Female,2020,0.465303003787994
Liberia,Female,2020,0.323783546686172
St. Lucia,Female,2020,0.627076208591461
Lithuania,Female,2020,0.756461381912231
Luxembourg,Female,2020,0.700147926807404
Latvia,Female,2020,0.751386106014252
"Macao SAR, China",Female,2020,0.817906618118286
Morocco,Female,2020,0.51598459482193
Moldova,Female,2020,0.606849312782288
Madagascar,Female,2020,0.403589576482773
Mexico,Female,2020,0.626666724681854
Marshall Islands,Female,2020,0.444823205471039
North Macedonia,Female,2020,0.573443412780762
Mali,Female,2020,0.317583799362183
Malta,Female,2020,0.738353133201599
Myanmar,Female,2020,0.494565486907959
Montenegro,Female,2020,0.640461683273315
Mongolia,Female,2020,0.636095881462097
Mauritania,Female,2020,0.392688602209091
Malaysia,Female,2020,0.633914470672607
Niger,Female,2020,0.313337087631226
Nigeria,Female,2020,0.366005271673203
Nicaragua,Female,2020,0.527015268802643
Netherlands,Female,2020,0.807196140289307
Norway,Female,2020,0.793130159378052
Nauru,Female,2020,0.530889987945557
New Zealand,Female,2020,0.791058838367462
Oman,Female,2020,0.647709429264069
Pakistan,Female,2020,0.401173025369644
Panama,Female,2020,0.518514454364777
Peru,Female,2020,0.604822814464569
Philippines,Female,2020,0.538472712039948
Palau,Female,2020,0.615811944007874
Papua New Guinea,Female,2020,0.428595125675201
Poland,Female,2020,0.786230027675629
Portugal,Female,2020,0.781325161457062
Paraguay,Female,2020,0.531051993370056
West Bank and Gaza,Female,2020,0.606856763362885
Qatar,Female,2020,0.66991251707077
Romania,Female,2020,0.611310243606567
Russian Federation,Female,2020,0.726288616657257
Rwanda,Female,2020,0.393795281648636
Saudi Arabia,Female,2020,0.595406949520111
Sudan,Female,2020,0.385359644889831
Senegal,Female,2020,0.439563810825348
Singapore,Female,2020,0.889894485473633
Solomon Islands,Female,2020,0.433454364538193
Sierra Leone,Female,2020,0.370112121105194
El Salvador,Female,2020,0.567954182624817
Serbia,Female,2020,0.695207178592682
Slovak Republic,Female,2020,0.691269516944885
Slovenia,Female,2020,0.802693843841553
Sweden,Female,2020,0.81018739938736
Chad,Female,2020,0.291588336229324
Togo,Female,2020,0.429673373699188
Thailand,Female,2020,0.632246077060699
Timor-Leste,Female,2020,0.473410695791245
Tonga,Female,2020,0.556941568851471
Tunisia,Female,2020,0.539442479610443
Turkiye,Female,2020,0.658373713493347
Tuvalu,Female,2020,0.471371114253998
Tanzania,Female,2020,0.401201248168945
Ukraine,Female,2020,0.676541686058044
Uruguay,Female,2020,0.623575031757355
United States,Female,2020,0.720416069030762
Uzbekistan,Female,2020,0.631185710430145
St. Vincent and the Grenadines,Female,2020,0.570512056350708
Vietnam,Female,2020,0.727666437625885
Vanuatu,Female,2020,0.468286424875259
Samoa,Female,2020,0.581076741218567
Kosovo,Female,2020,0.584028899669647
"Yemen, Rep.",Female,2020,0.367066323757172
South Africa,Female,2020,0.445561945438385
Albania,Male,2010,0.523979902267456
United Arab Emirates,Male,2010,0.597351372241974
Argentina,Male,2010,0.565431118011475
Australia,Male,2010,0.738740682601929
Austria,Male,2010,0.722867131233215
Azerbaijan,Male,2010,0.48643285036087
Burundi,Male,2010,0.339669853448868
Belgium,Male,2010,0.73956686258316
Benin,Male,2010,0.370884656906128
Burkina Faso,Male,2010,0.321265786886215
Bulgaria,Male,2010,0.611562728881836
Bahrain,Male,2010,0.5803142786026
Botswana,Male,2010,0.3442342877388
Canada,Male,2010,0.762514710426331
Switzerland,Male,2010,0.759455025196075
Chile,Male,2010,0.610024809837341
Cote d'Ivoire,Male,2010,0.306344568729401
Cameroon,Male,2010,0.383415877819061
"Congo, Rep.",Male,2010,0.40797609090805
Colombia,Male,2010,0.574842751026154
Costa Rica,Male,2010,0.585023760795593
Cyprus,Male,2010,0.663563966751099
Czechia,Male,2010,0.700719118118286
Germany,Male,2010,0.744471967220306
Denmark,Male,2010,0.737509250640869
Algeria,Male,2010,0.518848776817322
Ecuador,Male,2010,0.512530982494354
"Egypt, Arab Rep.",Male,2010,0.466950982809067
Spain,Male,2010,0.690746784210205
Estonia,Male,2010,0.682543456554413
Finland,Male,2010,0.784170687198639
France,Male,2010,0.736638903617859
United Kingdom,Male,2010,0.756516218185425
Georgia,Male,2010,0.493191033601761
"Gambia, The",Male,2010,0.365373194217682
Greece,Male,2010,0.692765891551971
Guatemala,Male,2010,0.435868471860886
"Hong Kong SAR, China",Male,2010,0.7618448138237
Croatia,Male,2010,0.655934572219849
Hungary,Male,2010,0.656023323535919
Indonesia,Male,2010,0.482887595891953
Ireland,Male,2010,0.743606269359589
"Iran, Islamic Rep.",Male,2010,0.552323698997498
Iceland,Male,2010,0.738951683044434
Israel,Male,2010,0.695788502693176
Italy,Male,2010,0.73397034406662
Jordan,Male,2010,0.530354261398315
Kazakhstan,Male,2010,0.560276806354523
"Korea, Rep.",Male,2010,0.800265252590179
Kuwait,Male,2010,0.540912866592407
Lesotho,Male,2010,0.322632700204849
Lithuania,Male,2010,0.629938721656799
Luxembourg,Male,2010,0.683625042438507
Latvia,Male,2010,0.627533793449402
"Macao SAR, China",Male,2010,0.627212822437286
Morocco,Male,2010,0.475174725055695
Moldova,Male,2010,0.531514704227448
Madagascar,Male,2010,0.381160885095596
Mexico,Male,2010,0.574441850185394
North Macedonia,Male,2010,0.527448773384094
Malta,Male,2010,0.646765112876892
Montenegro,Male,2010,0.566435575485229
Mauritius,Male,2010,0.580362975597382
Malawi,Male,2010,0.351649969816208
Malaysia,Male,2010,0.563526630401611
Namibia,Male,2010,0.381716281175613
Netherlands,Male,2010,0.789615035057068
Norway,Male,2010,0.753084599971771
New Zealand,Male,2010,0.75687700510025
Oman,Male,2010,0.521811366081238
Panama,Male,2010,0.49321699142456
Peru,Male,2010,0.532018780708313
Portugal,Male,2010,0.718997120857239
Paraguay,Male,2010,0.501344621181488
Qatar,Male,2010,0.574957966804504
Romania,Male,2010,0.56836199760437
Saudi Arabia,Male,2010,0.537692129611969
Senegal,Male,2010,0.381450742483139
Singapore,Male,2010,0.833346128463745
Serbia,Male,2010,0.63464480638504
Slovak Republic,Male,2010,0.645622968673706
Slovenia,Male,2010,0.719783544540405
Sweden,Male,2010,0.745028555393219
Eswatini,Male,2010,0.297386258840561
Seychelles,Male,2010,0.567603468894959
Chad,Male,2010,0.293964684009552
Togo,Male,2010,0.369066774845123
Thailand,Male,2010,0.557079195976257
Timor-Leste,Male,2010,0.401926994323731
Trinidad and Tobago,Male,2010,0.51658296585083
Tunisia,Male,2010,0.506048738956451
Turkiye,Male,2010,0.620826661586761
Ukraine,Male,2010,0.590633153915405
Uruguay,Male,2010,0.563205182552338
United States,Male,2010,0.678875505924225
Vietnam,Male,2010,0.634341835975647
South Africa,Male,2010,0.417664229869842
Zimbabwe,Male,2010,0.404931962490082
Afghanistan,Male,2017,0.395
Angola,Male,2017,0.365
Albania,Male,2017,0.606
Argentina,Male,2017,0.59
Armenia,Male,2017,0.551
Australia,Male,2017,0.779
Austria,Male,2017,0.785
Burundi,Male,2017,0.374
Belgium,Male,2017,0.749
Benin,Male,2017,0.408
Burkina Faso,Male,2017,0.354
Bangladesh,Male,2017,0.465
Bulgaria,Male,2017,0.648
Bahrain,Male,2017,0.641
Bosnia and Herzegovina,Male,2017,0.61
Botswana,Male,2017,0.393
Canada,Male,2017,0.79
Switzerland,Male,2017,0.762
Chile,Male,2017,0.667
China,Male,2017,0.657
Cote d'Ivoire,Male,2017,0.325
Cameroon,Male,2017,0.395
"Congo, Dem. Rep.",Male,2017,0.367
"Congo, Rep.",Male,2017,0.392
Colombia,Male,2017,0.579
Comoros,Male,2017,0.409
Costa Rica,Male,2017,0.597
Cyprus,Male,2017,0.743
Czechia,Male,2017,0.764
Germany,Male,2017,0.783
Denmark,Male,2017,0.76
Dominican Republic,Male,2017,0.476
Algeria,Male,2017,0.504
Ecuador,Male,2017,0.587
"Egypt, Arab Rep.",Male,2017,0.468
Spain,Male,2017,0.729
Estonia,Male,2017,0.714
Ethiopia,Male,2017,0.383
Finland,Male,2017,0.784
Gabon,Male,2017,0.439
United Kingdom,Male,2017,0.773
Georgia,Male,2017,0.554
Ghana,Male,2017,0.432
Guinea,Male,2017,0.377
Greece,Male,2017,0.658
Guatemala,Male,2017,0.45
Guyana,Male,2017,0.472
"Hong Kong SAR, China",Male,2017,0.81
Honduras,Male,2017,0.478
Croatia,Male,2017,0.699
Haiti,Male,2017,0.432
Hungary,Male,2017,0.678
Indonesia,Male,2017,0.521
India,Male,2017,0.429
"Iran, Islamic Rep.",Male,2017,0.565
Iraq,Male,2017,0.386
Iceland,Male,2017,0.723
Italy,Male,2017,0.764
Jamaica,Male,2017,0.5
Jordan,Male,2017,0.537
Kazakhstan,Male,2017,0.714
Kyrgyz Republic,Male,2017,0.558
"Korea, Rep.",Male,2017,0.813
Kuwait,Male,2017,0.539
Lao PDR,Male,2017,0.44
Lebanon,Male,2017,0.54
Liberia,Male,2017,0.314
Lithuania,Male,2017,0.666
Luxembourg,Male,2017,0.678
Latvia,Male,2017,0.678
"Macao SAR, China",Male,2017,0.732
Morocco,Male,2017,0.49
Moldova,Male,2017,0.558
Madagascar,Male,2017,0.371
Mexico,Male,2017,0.595
North Macedonia,Male,2017,0.521
Mali,Male,2017,0.318
Malta,Male,2017,0.675
Myanmar,Male,2017,0.458
Mauritania,Male,2017,0.337
Malaysia,Male,2017,0.601
Niger,Male,2017,0.317
Nigeria,Male,2017,0.345
Nicaragua,Male,2017,0.513
Netherlands,Male,2017,0.787
Norway,Male,2017,0.756
New Zealand,Male,2017,0.751
Oman,Male,2017,0.589
Pakistan,Male,2017,0.393
Panama,Male,2017,0.517
Peru,Male,2017,0.563
Philippines,Male,2017,0.521
Papua New Guinea,Male,2017,0.386
Poland,Male,2017,0.716
Portugal,Male,2017,0.767
Paraguay,Male,2017,0.531
West Bank and Gaza,Male,2017,0.533
Qatar,Male,2017,0.587
Romania,Male,2017,0.576
Russian Federation,Male,2017,0.679
Rwanda,Male,2017,0.361
Saudi Arabia,Male,2017,0.561
Senegal,Male,2017,0.408
Singapore,Male,2017,0.871
Solomon Islands,Male,2017,0.435
Sierra Leone,Male,2017,0.35
El Salvador,Male,2017,0.49
Serbia,Male,2017,0.74
Slovak Republic,Male,2017,0.671
Slovenia,Male,2017,0.766
Sweden,Male,2017,0.786
Chad,Male,2017,0.298
Togo,Male,2017,0.416
Thailand,Male,2017,0.591
Tajikistan,Male,2017,0.536
Timor-Leste,Male,2017,0.433
Tonga,Male,2017,0.475
Tunisia,Male,2017,0.488
Turkiye,Male,2017,0.601
Tanzania,Male,2017,0.39
Ukraine,Male,2017,0.609
United States,Male,2017,0.726
Vanuatu,Male,2017,0.46
Kosovo,Male,2017,0.546
"Yemen, Rep.",Male,2017,0.374
South Africa,Male,2017,0.362
Afghanistan,Male,2018,0.405022948980331
Angola,Male,2018,0.366803884506226
Albania,Male,2018,0.598655641078949
United Arab Emirates,Male,2018,0.667604267597198
Argentina,Male,2018,0.607066631317139
Armenia,Male,2018,0.558102667331696
Antigua and Barbuda,Male,2018,0.559216916561127
Australia,Male,2018,0.766766428947449
Austria,Male,2018,0.758228123188019
Azerbaijan,Male,2018,0.613982617855072
Burundi,Male,2018,0.373819798231125
Belgium,Male,2018,0.754185914993286
Benin,Male,2018,0.395908683538437
Burkina Faso,Male,2018,0.375307559967041
Bangladesh,Male,2018,0.446381837129593
Bulgaria,Male,2018,0.653771042823792
Bahrain,Male,2018,0.638173401355743
Bosnia and Herzegovina,Male,2018,0.6115403175354
Botswana,Male,2018,0.386975705623627
Canada,Male,2018,0.790175378322601
Switzerland,Male,2018,0.761121869087219
Chile,Male,2018,0.65339457988739
China,Male,2018,0.640095114707947
Cote d'Ivoire,Male,2018,0.373427003622055
Cameroon,Male,2018,0.393718183040619
"Congo, Dem. Rep.",Male,2018,0.363277107477188
"Congo, Rep.",Male,2018,0.409229189157486
Colombia,Male,2018,0.585716128349304
Comoros,Male,2018,0.396073430776596
Costa Rica,Male,2018,0.590334892272949
Cyprus,Male,2018,0.747202694416046
Czechia,Male,2018,0.748405873775482
Germany,Male,2018,0.751320600509644
Dominica,Male,2018,0.527659296989441
Denmark,Male,2018,0.756360411643982
Dominican Republic,Male,2018,0.48892217874527
Algeria,Male,2018,0.513784050941467
Ecuador,Male,2018,0.579084277153015
"Egypt, Arab Rep.",Male,2018,0.47454446554184
Spain,Male,2018,0.722158551216125
Estonia,Male,2018,0.743931591510773
Ethiopia,Male,2018,0.382792294025421
Finland,Male,2018,0.78672194480896
France,Male,2018,0.739018738269806
"Micronesia, Fed. Sts.",Male,2018,0.451733380556107
Gabon,Male,2018,0.440969854593277
United Kingdom,Male,2018,0.767385721206665
Georgia,Male,2018,0.566106736660004
Ghana,Male,2018,0.436948508024216
Guinea,Male,2018,0.383485615253448
"Gambia, The",Male,2018,0.39087587594986
Greece,Male,2018,0.674274504184723
Grenada,Male,2018,0.509237408638
Guatemala,Male,2018,0.447535812854767
Guyana,Male,2018,0.476087957620621
"Hong Kong SAR, China",Male,2018,0.795750916004181
Honduras,Male,2018,0.468997985124588
Croatia,Male,2018,0.707263350486755
Haiti,Male,2018,0.432505011558533
Hungary,Male,2018,0.681594431400299
Indonesia,Male,2018,0.524555087089539
India,Male,2018,0.478702425956726
Ireland,Male,2018,0.805503904819489
"Iran, Islamic Rep.",Male,2018,0.575451195240021
Iraq,Male,2018,0.387817621231079
Iceland,Male,2018,0.723954260349274
Israel,Male,2018,0.745889186859131
Italy,Male,2018,0.746420323848724
Jamaica,Male,2018,0.513471245765686
Jordan,Male,2018,0.520403683185577
Kazakhstan,Male,2018,0.747830927371979
Kyrgyz Republic,Male,2018,0.573414623737335
Kiribati,Male,2018,0.436054021120071
St. Kitts and Nevis,Male,2018,0.556947350502014
"Korea, Rep.",Male,2018,0.817711651325226
Kuwait,Male,2018,0.540609121322632
Lao PDR,Male,2018,0.448765009641647
Liberia,Male,2018,0.312901794910431
St. Lucia,Male,2018,0.562362730503082
Lithuania,Male,2018,0.679498314857483
Luxembourg,Male,2018,0.683302402496338
Latvia,Male,2018,0.689718842506409
"Macao SAR, China",Male,2018,0.739121437072754
Morocco,Male,2018,0.481160700321198
Moldova,Male,2018,0.558494091033936
Madagascar,Male,2018,0.374867111444473
Mexico,Male,2018,0.596356928348541
Marshall Islands,Male,2018,0.388588488101959
North Macedonia,Male,2018,0.522483050823212
Mali,Male,2018,0.322066932916641
Malta,Male,2018,0.688858032226563
Myanmar,Male,2018,0.456648677587509
Montenegro,Male,2018,0.608023881912231
Mongolia,Male,2018,0.596435785293579
Mauritania,Male,2018,0.360829561948776
Malaysia,Male,2018,0.612288534641266
Niger,Male,2018,0.320481210947037
Nigeria,Male,2018,0.349902004003525
Nicaragua,Male,2018,0.489033192396164
Netherlands,Male,2018,0.79083651304245
Norway,Male,2018,0.754776358604431
New Zealand,Male,2018,0.754302144050598
Oman,Male,2018,0.580488264560699
Pakistan,Male,2018,0.402245134115219
Panama,Male,2018,0.500701069831848
Peru,Male,2018,0.591722130775452
Philippines,Male,2018,0.522073030471802
Palau,Male,2018,0.544619143009186
Papua New Guinea,Male,2018,0.425241500139237
Poland,Male,2018,0.731141030788422
Portugal,Male,2018,0.773426294326782
Paraguay,Male,2018,0.524946093559265
West Bank and Gaza,Male,2018,0.546162247657776
Qatar,Male,2018,0.615032374858856
Romania,Male,2018,0.56946474313736
Russian Federation,Male,2018,0.683929562568665
Rwanda,Male,2018,0.363891035318375
Saudi Arabia,Male,2018,0.553899168968201
Sudan,Male,2018,0.368668973445892
Senegal,Male,2018,0.404778212308884
Singapore,Male,2018,0.875118374824524
Solomon Islands,Male,2018,0.417713642120361
Sierra Leone,Male,2018,0.346947193145752
El Salvador,Male,2018,0.525308966636658
Serbia,Male,2018,0.745281636714935
Slovak Republic,Male,2018,0.657904446125031
Slovenia,Male,2018,0.766014158725739
Sweden,Male,2018,0.789315402507782
Chad,Male,2018,0.306944876909256
Togo,Male,2018,0.419172734022141
Thailand,Male,2018,0.596425116062164
Tajikistan,Male,2018,0.543091356754303
Timor-Leste,Male,2018,0.436486631631851
Tonga,Male,2018,0.494061052799225
Tunisia,Male,2018,0.489339500665665
Turkiye,Male,2018,0.616588830947876
Tuvalu,Male,2018,0.422525197267532
Tanzania,Male,2018,0.375488489866257
Ukraine,Male,2018,0.60466343164444
Uruguay,Male,2018,0.578911364078522
United States,Male,2018,0.697446584701538
St. Vincent and the Grenadines,Male,2018,0.509105503559113
Vietnam,Male,2018,0.652676463127136
Vanuatu,Male,2018,0.432179600000382
Samoa,Male,2018,0.502062916755676
Kosovo,Male,2018,0.551253497600555
"Yemen, Rep.",Male,2018,0.377818733453751
South Africa,Male,2018,0.402945220470429
Afghanistan,Male,2020,0.411275178194046
Angola,Male,2020,0.369158178567886
Albania,Male,2020,0.608002722263336
United Arab Emirates,Male,2020,0.660949110984802
Argentina,Male,2020,0.591290056705475
Armenia,Male,2020,0.555849492549896
Antigua and Barbuda,Male,2020,0.56757777929306
Australia,Male,2020,0.75711715221405
Austria,Male,2020,0.733019888401031
Azerbaijan,Male,2020,0.568437039852142
Burundi,Male,2020,0.370230346918106
Belgium,Male,2020,0.749003291130066
Benin,Male,2020,0.39908030629158
Burkina Faso,Male,2020,0.379403978586197
Bangladesh,Male,2020,0.451447725296021
Bulgaria,Male,2020,0.597585737705231
Bahrain,Male,2020,0.624628722667694
Bosnia and Herzegovina,Male,2020,0.568520784378052
Belarus,Male,2020,0.666736006736755
Brunei Darussalam,Male,2020,0.609418213367462
Bhutan,Male,2020,0.467461943626404
Botswana,Male,2020,0.388421088457107
Canada,Male,2020,0.785041689872742
Switzerland,Male,2020,0.747908771038055
Chile,Male,2020,0.637953579425812
China,Male,2020,0.646641552448273
Cote d'Ivoire,Male,2020,0.382482677698135
Cameroon,Male,2020,0.397932469844818
"Congo, Dem. Rep.",Male,2020,0.365138560533524
"Congo, Rep.",Male,2020,0.410592555999756
Colombia,Male,2020,0.594833314418793
Comoros,Male,2020,0.397325336933136
Costa Rica,Male,2020,0.615142703056335
Cyprus,Male,2020,0.748430013656616
Czechia,Male,2020,0.73181289434433
Germany,Male,2020,0.736171841621399
Dominica,Male,2020,0.518141031265259
Denmark,Male,2020,0.73754221200943
Dominican Republic,Male,2020,0.483763635158539
Algeria,Male,2020,0.515088617801666
Ecuador,Male,2020,0.576708376407623
"Egypt, Arab Rep.",Male,2020,0.475982815027237
Spain,Male,2020,0.716954112052917
Estonia,Male,2020,0.745991468429565
Ethiopia,Male,2020,0.381497323513031
Finland,Male,2020,0.764573335647583
Fiji,Male,2020,0.487633109092712
France,Male,2020,0.745047450065613
"Micronesia, Fed. Sts.",Male,2020,0.491041928529739
Gabon,Male,2020,0.44219496846199
United Kingdom,Male,2020,0.774549543857574
Georgia,Male,2020,0.52986341714859
Ghana,Male,2020,0.442706197500229
Guinea,Male,2020,0.38404181599617
"Gambia, The",Male,2020,0.407627522945404
Greece,Male,2020,0.668559432029724
Grenada,Male,2020,0.536143898963928
Guatemala,Male,2020,0.451574176549912
Guyana,Male,2020,0.476975411176682
"Hong Kong SAR, China",Male,2020,0.78038477897644
Honduras,Male,2020,0.469809353351593
Croatia,Male,2020,0.682203352451324
Haiti,Male,2020,0.434230864048004
Hungary,Male,2020,0.660571575164795
Indonesia,Male,2020,0.524279236793518
India,Male,2020,0.48725688457489
Ireland,Male,2020,0.78081351518631
"Iran, Islamic Rep.",Male,2020,0.57679945230484
Iraq,Male,2020,0.39517542719841
Iceland,Male,2020,0.723508477210999
Israel,Male,2020,0.704499065876007
Italy,Male,2020,0.718084990978241
Jamaica,Male,2020,0.510973930358887
Jordan,Male,2020,0.528045356273651
Kazakhstan,Male,2020,0.605649471282959
Kyrgyz Republic,Male,2020,0.577536404132843
Kiribati,Male,2020,0.453023880720138
St. Kitts and Nevis,Male,2020,0.573573708534241
"Korea, Rep.",Male,2020,0.784116446971893
Kuwait,Male,2020,0.534937918186188
Lao PDR,Male,2020,0.448288291692734
Liberia,Male,2020,0.314354330301285
St. Lucia,Male,2020,0.579178392887115
Lithuania,Male,2020,0.659979403018951
Luxembourg,Male,2020,0.673261165618896
Latvia,Male,2020,0.664559185504913
"Macao SAR, China",Male,2020,0.773786962032318
Morocco,Male,2020,0.493504971265793
Moldova,Male,2020,0.562514841556549
Madagascar,Male,2020,0.380946308374405
Mexico,Male,2020,0.599544823169708
Marshall Islands,Male,2020,0.404533118009567
North Macedonia,Male,2020,0.542688071727753
Mali,Male,2020,0.318881809711456
Malta,Male,2020,0.683439493179321
Myanmar,Male,2020,0.461232841014862
Montenegro,Male,2020,0.626087129116058
Mongolia,Male,2020,0.594006717205048
Mauritania,Male,2020,0.370828956365585
Malaysia,Male,2020,0.589960932731628
Niger,Male,2020,0.317888259887695
Nigeria,Male,2020,0.355427831411362
Nicaragua,Male,2020,0.489912986755371
Netherlands,Male,2020,0.773136675357819
Norway,Male,2020,0.750362992286682
Nauru,Male,2020,0.483328491449356
New Zealand,Male,2020,0.761217594146729
Oman,Male,2020,0.578150391578674
Pakistan,Male,2020,0.41104844212532
Panama,Male,2020,0.485864460468292
Peru,Male,2020,0.605731785297394
Philippines,Male,2020,0.494559079408646
Palau,Male,2020,0.563019871711731
Papua New Guinea,Male,2020,0.428747177124023
Poland,Male,2020,0.722362637519836
Portugal,Male,2020,0.755870640277863
Paraguay,Male,2020,0.525628864765167
West Bank and Gaza,Male,2020,0.554722964763641
Qatar,Male,2020,0.610415875911713
Romania,Male,2020,0.559381127357483
Russian Federation,Male,2020,0.639108121395111
Rwanda,Male,2020,0.366210162639618
Saudi Arabia,Male,2020,0.559849262237549
Sudan,Male,2020,0.370086252689362
Senegal,Male,2020,0.402080416679382
Singapore,Male,2020,0.869205355644226
Solomon Islands,Male,2020,0.407720267772675
Sierra Leone,Male,2020,0.355553448200226
El Salvador,Male,2020,0.523999929428101
Serbia,Male,2020,0.658910870552063
Slovak Republic,Male,2020,0.640206277370453
Slovenia,Male,2020,0.749867081642151
Sweden,Male,2020,0.780499577522278
Chad,Male,2020,0.307845264673233
Togo,Male,2020,0.434085071086883
Thailand,Male,2020,0.585540413856506
Timor-Leste,Male,2020,0.437187135219574
Tonga,Male,2020,0.509331881999969
Tunisia,Male,2020,0.496642857789993
Turkiye,Male,2020,0.640351951122284
Tuvalu,Male,2020,0.426189750432968
Tanzania,Male,2020,0.378912627696991
Ukraine,Male,2020,0.589480102062225
Uruguay,Male,2020,0.574680626392365
United States,Male,2020,0.684286594390869
Uzbekistan,Male,2020,0.61448723077774
St. Vincent and the Grenadines,Male,2020,0.500845789909363
Vietnam,Male,2020,0.654776275157928
Vanuatu,Male,2020,0.442129880189896
Samoa,Male,2020,0.519985675811768
Kosovo,Male,2020,0.550836026668549
"Yemen, Rep.",Male,2020,0.377947509288788
South Africa,Male,2020,0.406087726354599
